-- phpMyAdmin SQL Dump
-- version 5.0.2
-- https://www.phpmyadmin.net/
--
-- Servidor: localhost:3306
-- Tiempo de generación: 21-07-2020 a las 14:37:58
-- Versión del servidor: 5.7.24
-- Versión de PHP: 7.2.19

SET SQL_MODE = "NO_AUTO_VALUE_ON_ZERO";
START TRANSACTION;
SET time_zone = "+00:00";


/*!40101 SET @OLD_CHARACTER_SET_CLIENT=@@CHARACTER_SET_CLIENT */;
/*!40101 SET @OLD_CHARACTER_SET_RESULTS=@@CHARACTER_SET_RESULTS */;
/*!40101 SET @OLD_COLLATION_CONNECTION=@@COLLATION_CONNECTION */;
/*!40101 SET NAMES utf8mb4 */;

--
-- Base de datos: `callfunreal`
--

-- --------------------------------------------------------

--
-- Estructura de tabla para la tabla `citas`
--

CREATE TABLE `citas` (
  `id` int(11) NOT NULL,
  `especialidad_id` int(11) NOT NULL,
  `procedimiento_Id` int(11) NOT NULL,
  `tipo_cita` varchar(30) NOT NULL,
  `fecha_preagenda` timestamp NOT NULL,
  `fecha_agendada` timestamp NOT NULL,
  `estado` varchar(20) NOT NULL,
  `observacion` varchar(800) NOT NULL,
  `created_at` timestamp NULL DEFAULT NULL,
  `updated_at` timestamp NULL DEFAULT NULL
) ENGINE=InnoDB DEFAULT CHARSET=latin1;

-- --------------------------------------------------------

--
-- Estructura de tabla para la tabla `cms_apicustom`
--

CREATE TABLE `cms_apicustom` (
  `id` int(10) UNSIGNED NOT NULL,
  `permalink` varchar(255) COLLATE utf8mb4_unicode_ci DEFAULT NULL,
  `tabel` varchar(255) COLLATE utf8mb4_unicode_ci DEFAULT NULL,
  `aksi` varchar(255) COLLATE utf8mb4_unicode_ci DEFAULT NULL,
  `kolom` varchar(255) COLLATE utf8mb4_unicode_ci DEFAULT NULL,
  `orderby` varchar(255) COLLATE utf8mb4_unicode_ci DEFAULT NULL,
  `sub_query_1` varchar(255) COLLATE utf8mb4_unicode_ci DEFAULT NULL,
  `sql_where` varchar(255) COLLATE utf8mb4_unicode_ci DEFAULT NULL,
  `nama` varchar(255) COLLATE utf8mb4_unicode_ci DEFAULT NULL,
  `keterangan` varchar(255) COLLATE utf8mb4_unicode_ci DEFAULT NULL,
  `parameter` varchar(255) COLLATE utf8mb4_unicode_ci DEFAULT NULL,
  `created_at` timestamp NULL DEFAULT NULL,
  `updated_at` timestamp NULL DEFAULT NULL,
  `method_type` varchar(25) COLLATE utf8mb4_unicode_ci DEFAULT NULL,
  `parameters` longtext COLLATE utf8mb4_unicode_ci,
  `responses` longtext COLLATE utf8mb4_unicode_ci
) ENGINE=InnoDB DEFAULT CHARSET=utf8mb4 COLLATE=utf8mb4_unicode_ci;

-- --------------------------------------------------------

--
-- Estructura de tabla para la tabla `cms_apikey`
--

CREATE TABLE `cms_apikey` (
  `id` int(10) UNSIGNED NOT NULL,
  `screetkey` varchar(255) COLLATE utf8mb4_unicode_ci DEFAULT NULL,
  `hit` int(11) DEFAULT NULL,
  `status` varchar(25) COLLATE utf8mb4_unicode_ci NOT NULL DEFAULT 'active',
  `created_at` timestamp NULL DEFAULT NULL,
  `updated_at` timestamp NULL DEFAULT NULL
) ENGINE=InnoDB DEFAULT CHARSET=utf8mb4 COLLATE=utf8mb4_unicode_ci;

-- --------------------------------------------------------

--
-- Estructura de tabla para la tabla `cms_dashboard`
--

CREATE TABLE `cms_dashboard` (
  `id` int(10) UNSIGNED NOT NULL,
  `name` varchar(255) COLLATE utf8mb4_unicode_ci DEFAULT NULL,
  `id_cms_privileges` int(11) DEFAULT NULL,
  `content` longtext COLLATE utf8mb4_unicode_ci,
  `created_at` timestamp NULL DEFAULT NULL,
  `updated_at` timestamp NULL DEFAULT NULL
) ENGINE=InnoDB DEFAULT CHARSET=utf8mb4 COLLATE=utf8mb4_unicode_ci;

-- --------------------------------------------------------

--
-- Estructura de tabla para la tabla `cms_email_queues`
--

CREATE TABLE `cms_email_queues` (
  `id` int(10) UNSIGNED NOT NULL,
  `send_at` datetime DEFAULT NULL,
  `email_recipient` varchar(255) COLLATE utf8mb4_unicode_ci DEFAULT NULL,
  `email_from_email` varchar(255) COLLATE utf8mb4_unicode_ci DEFAULT NULL,
  `email_from_name` varchar(255) COLLATE utf8mb4_unicode_ci DEFAULT NULL,
  `email_cc_email` varchar(255) COLLATE utf8mb4_unicode_ci DEFAULT NULL,
  `email_subject` varchar(255) COLLATE utf8mb4_unicode_ci DEFAULT NULL,
  `email_content` text COLLATE utf8mb4_unicode_ci,
  `email_attachments` text COLLATE utf8mb4_unicode_ci,
  `is_sent` tinyint(1) DEFAULT NULL,
  `created_at` timestamp NULL DEFAULT NULL,
  `updated_at` timestamp NULL DEFAULT NULL
) ENGINE=InnoDB DEFAULT CHARSET=utf8mb4 COLLATE=utf8mb4_unicode_ci;

-- --------------------------------------------------------

--
-- Estructura de tabla para la tabla `cms_email_templates`
--

CREATE TABLE `cms_email_templates` (
  `id` int(10) UNSIGNED NOT NULL,
  `name` varchar(255) COLLATE utf8mb4_unicode_ci DEFAULT NULL,
  `slug` varchar(255) COLLATE utf8mb4_unicode_ci DEFAULT NULL,
  `subject` varchar(255) COLLATE utf8mb4_unicode_ci DEFAULT NULL,
  `content` longtext COLLATE utf8mb4_unicode_ci,
  `description` varchar(255) COLLATE utf8mb4_unicode_ci DEFAULT NULL,
  `from_name` varchar(255) COLLATE utf8mb4_unicode_ci DEFAULT NULL,
  `from_email` varchar(255) COLLATE utf8mb4_unicode_ci DEFAULT NULL,
  `cc_email` varchar(255) COLLATE utf8mb4_unicode_ci DEFAULT NULL,
  `created_at` timestamp NULL DEFAULT NULL,
  `updated_at` timestamp NULL DEFAULT NULL
) ENGINE=InnoDB DEFAULT CHARSET=utf8mb4 COLLATE=utf8mb4_unicode_ci;

--
-- Volcado de datos para la tabla `cms_email_templates`
--

INSERT INTO `cms_email_templates` (`id`, `name`, `slug`, `subject`, `content`, `description`, `from_name`, `from_email`, `cc_email`, `created_at`, `updated_at`) VALUES
(1, 'Email Template Forgot Password Backend', 'forgot_password_backend', NULL, '<p>Hi,</p><p>Someone requested forgot password, here is your new password : </p><p>[password]</p><p><br></p><p>--</p><p>Regards,</p><p>Admin</p>', '[password]', 'System', 'system@crudbooster.com', NULL, '2020-07-17 03:59:16', NULL);

-- --------------------------------------------------------

--
-- Estructura de tabla para la tabla `cms_logs`
--

CREATE TABLE `cms_logs` (
  `id` int(10) UNSIGNED NOT NULL,
  `ipaddress` varchar(50) COLLATE utf8mb4_unicode_ci DEFAULT NULL,
  `useragent` varchar(255) COLLATE utf8mb4_unicode_ci DEFAULT NULL,
  `url` varchar(255) COLLATE utf8mb4_unicode_ci DEFAULT NULL,
  `description` varchar(255) COLLATE utf8mb4_unicode_ci DEFAULT NULL,
  `details` text COLLATE utf8mb4_unicode_ci,
  `id_cms_users` int(11) DEFAULT NULL,
  `created_at` timestamp NULL DEFAULT NULL,
  `updated_at` timestamp NULL DEFAULT NULL
) ENGINE=InnoDB DEFAULT CHARSET=utf8mb4 COLLATE=utf8mb4_unicode_ci;

--
-- Volcado de datos para la tabla `cms_logs`
--

INSERT INTO `cms_logs` (`id`, `ipaddress`, `useragent`, `url`, `description`, `details`, `id_cms_users`, `created_at`, `updated_at`) VALUES
(1, '127.0.0.1', 'Mozilla/5.0 (Windows NT 10.0; Win64; x64) AppleWebKit/537.36 (KHTML, like Gecko) Chrome/83.0.4103.116 Safari/537.36', 'http://callfunreal.test/admin/login', 'admin@crudbooster.com login with IP Address 127.0.0.1', '', 1, '2020-07-17 04:00:05', NULL),
(2, '127.0.0.1', 'Mozilla/5.0 (Windows NT 10.0; Win64; x64) AppleWebKit/537.36 (KHTML, like Gecko) Chrome/83.0.4103.116 Safari/537.36', 'http://callfunreal.test/admin/login', 'admin@crudbooster.com login with IP Address 127.0.0.1', '', 1, '2020-07-17 08:19:37', NULL),
(3, '127.0.0.1', 'Mozilla/5.0 (Windows NT 10.0; Win64; x64) AppleWebKit/537.36 (KHTML, like Gecko) Chrome/83.0.4103.116 Safari/537.36', 'http://callfunreal.test/admin/module_generator/delete/12', 'Delete data PREAGENDA at Module Generator', '', 1, '2020-07-17 08:37:33', NULL),
(4, '127.0.0.1', 'Mozilla/5.0 (Windows NT 10.0; Win64; x64) AppleWebKit/537.36 (KHTML, like Gecko) Chrome/84.0.4147.89 Safari/537.36', 'http://callfunreal.test/admin/login', 'admin@crudbooster.com login with IP Address 127.0.0.1', '', 1, '2020-07-17 22:27:49', NULL),
(5, '127.0.0.1', 'Mozilla/5.0 (Windows NT 10.0; Win64; x64) AppleWebKit/537.36 (KHTML, like Gecko) Chrome/84.0.4147.89 Safari/537.36', 'http://callfunreal.test/admin/pacientes/add-save', 'Add New Data  at Registro de Pacientes', '', 1, '2020-07-18 00:00:02', NULL),
(6, '127.0.0.1', 'Mozilla/5.0 (Windows NT 10.0; Win64; x64) AppleWebKit/537.36 (KHTML, like Gecko) Chrome/84.0.4147.89 Safari/537.36', 'http://callfunreal.test/admin/pacientes/add-save', 'Add New Data  at Registro de Pacientes', '', 1, '2020-07-18 00:11:35', NULL),
(7, '127.0.0.1', 'Mozilla/5.0 (Windows NT 10.0; Win64; x64) AppleWebKit/537.36 (KHTML, like Gecko) Chrome/84.0.4147.89 Safari/537.36', 'http://callfunreal.test/admin/pacientes/add-save', 'Add New Data  at Registro de Pacientes', '', 1, '2020-07-18 00:59:37', NULL),
(8, '127.0.0.1', 'Mozilla/5.0 (Windows NT 10.0; Win64; x64) AppleWebKit/537.36 (KHTML, like Gecko) Chrome/84.0.4147.89 Safari/537.36', 'http://callfunreal.test/admin/login', 'admin@crudbooster.com login with IP Address 127.0.0.1', '', 1, '2020-07-21 19:03:22', NULL);

-- --------------------------------------------------------

--
-- Estructura de tabla para la tabla `cms_menus`
--

CREATE TABLE `cms_menus` (
  `id` int(10) UNSIGNED NOT NULL,
  `name` varchar(255) COLLATE utf8mb4_unicode_ci DEFAULT NULL,
  `type` varchar(255) COLLATE utf8mb4_unicode_ci NOT NULL DEFAULT 'url',
  `path` varchar(255) COLLATE utf8mb4_unicode_ci DEFAULT NULL,
  `color` varchar(255) COLLATE utf8mb4_unicode_ci DEFAULT NULL,
  `icon` varchar(255) COLLATE utf8mb4_unicode_ci DEFAULT NULL,
  `parent_id` int(11) DEFAULT NULL,
  `is_active` tinyint(1) NOT NULL DEFAULT '1',
  `is_dashboard` tinyint(1) NOT NULL DEFAULT '0',
  `id_cms_privileges` int(11) DEFAULT NULL,
  `sorting` int(11) DEFAULT NULL,
  `created_at` timestamp NULL DEFAULT NULL,
  `updated_at` timestamp NULL DEFAULT NULL
) ENGINE=InnoDB DEFAULT CHARSET=utf8mb4 COLLATE=utf8mb4_unicode_ci;

--
-- Volcado de datos para la tabla `cms_menus`
--

INSERT INTO `cms_menus` (`id`, `name`, `type`, `path`, `color`, `icon`, `parent_id`, `is_active`, `is_dashboard`, `id_cms_privileges`, `sorting`, `created_at`, `updated_at`) VALUES
(2, 'Registro de Pacientes', 'Route', 'AdminPacientesControllerGetIndex', NULL, 'fa fa-glass', 0, 1, 0, 1, 1, '2020-07-17 08:38:08', NULL),
(3, 'Preagendamiento de citas', 'Route', 'AdminCitas14ControllerGetIndex', NULL, 'fa fa-envelope-o', 0, 1, 0, 1, 2, '2020-07-17 22:29:04', NULL),
(4, 'Registrar Especialidad', 'Route', 'AdminEspecialidadesControllerGetIndex', NULL, 'fa fa-glass', 0, 1, 0, 1, 3, '2020-07-18 01:51:29', NULL),
(5, 'Registrar procedimientos', 'Route', 'AdminProcedimientosControllerGetIndex', NULL, 'fa fa-glass', 0, 1, 0, 1, 4, '2020-07-18 01:58:23', NULL),
(6, 'LLamadas', 'Route', 'AdminLlamadasControllerGetIndex', NULL, 'fa fa-star', 0, 1, 0, 1, 5, '2020-07-21 19:25:40', NULL);

-- --------------------------------------------------------

--
-- Estructura de tabla para la tabla `cms_menus_privileges`
--

CREATE TABLE `cms_menus_privileges` (
  `id` int(10) UNSIGNED NOT NULL,
  `id_cms_menus` int(11) DEFAULT NULL,
  `id_cms_privileges` int(11) DEFAULT NULL
) ENGINE=InnoDB DEFAULT CHARSET=utf8mb4 COLLATE=utf8mb4_unicode_ci;

--
-- Volcado de datos para la tabla `cms_menus_privileges`
--

INSERT INTO `cms_menus_privileges` (`id`, `id_cms_menus`, `id_cms_privileges`) VALUES
(1, 1, 1),
(2, 2, 1),
(3, 3, 1),
(4, 4, 1),
(5, 5, 1),
(6, 6, 1);

-- --------------------------------------------------------

--
-- Estructura de tabla para la tabla `cms_moduls`
--

CREATE TABLE `cms_moduls` (
  `id` int(10) UNSIGNED NOT NULL,
  `name` varchar(255) COLLATE utf8mb4_unicode_ci DEFAULT NULL,
  `icon` varchar(255) COLLATE utf8mb4_unicode_ci DEFAULT NULL,
  `path` varchar(255) COLLATE utf8mb4_unicode_ci DEFAULT NULL,
  `table_name` varchar(255) COLLATE utf8mb4_unicode_ci DEFAULT NULL,
  `controller` varchar(255) COLLATE utf8mb4_unicode_ci DEFAULT NULL,
  `is_protected` tinyint(1) NOT NULL DEFAULT '0',
  `is_active` tinyint(1) NOT NULL DEFAULT '0',
  `created_at` timestamp NULL DEFAULT NULL,
  `updated_at` timestamp NULL DEFAULT NULL,
  `deleted_at` timestamp NULL DEFAULT NULL
) ENGINE=InnoDB DEFAULT CHARSET=utf8mb4 COLLATE=utf8mb4_unicode_ci;

--
-- Volcado de datos para la tabla `cms_moduls`
--

INSERT INTO `cms_moduls` (`id`, `name`, `icon`, `path`, `table_name`, `controller`, `is_protected`, `is_active`, `created_at`, `updated_at`, `deleted_at`) VALUES
(1, 'Notifications', 'fa fa-cog', 'notifications', 'cms_notifications', 'NotificationsController', 1, 1, '2020-07-17 03:59:15', NULL, NULL),
(2, 'Privileges', 'fa fa-cog', 'privileges', 'cms_privileges', 'PrivilegesController', 1, 1, '2020-07-17 03:59:15', NULL, NULL),
(3, 'Privileges Roles', 'fa fa-cog', 'privileges_roles', 'cms_privileges_roles', 'PrivilegesRolesController', 1, 1, '2020-07-17 03:59:15', NULL, NULL),
(4, 'Users Management', 'fa fa-users', 'users', 'cms_users', 'AdminCmsUsersController', 0, 1, '2020-07-17 03:59:15', NULL, NULL),
(5, 'Settings', 'fa fa-cog', 'settings', 'cms_settings', 'SettingsController', 1, 1, '2020-07-17 03:59:15', NULL, NULL),
(6, 'Module Generator', 'fa fa-database', 'module_generator', 'cms_moduls', 'ModulsController', 1, 1, '2020-07-17 03:59:15', NULL, NULL),
(7, 'Menu Management', 'fa fa-bars', 'menu_management', 'cms_menus', 'MenusController', 1, 1, '2020-07-17 03:59:15', NULL, NULL),
(8, 'Email Templates', 'fa fa-envelope-o', 'email_templates', 'cms_email_templates', 'EmailTemplatesController', 1, 1, '2020-07-17 03:59:15', NULL, NULL),
(9, 'Statistic Builder', 'fa fa-dashboard', 'statistic_builder', 'cms_statistics', 'StatisticBuilderController', 1, 1, '2020-07-17 03:59:15', NULL, NULL),
(10, 'API Generator', 'fa fa-cloud-download', 'api_generator', '', 'ApiCustomController', 1, 1, '2020-07-17 03:59:15', NULL, NULL),
(11, 'Log User Access', 'fa fa-flag-o', 'logs', 'cms_logs', 'LogsController', 1, 1, '2020-07-17 03:59:15', NULL, NULL),
(12, 'PREAGENDA', 'fa fa-glass', 'citas', 'citas', 'AdminCitasController', 0, 0, '2020-07-17 08:31:43', NULL, '2020-07-17 08:37:33'),
(13, 'Registro de Pacientes', 'fa fa-cog', 'pacientes', 'pacientes', 'AdminPacientesController', 0, 0, '2020-07-17 08:38:08', NULL, NULL),
(14, 'Preagendamiento de citas', 'fa fa-heart', 'citas14', 'citas', 'AdminCitas14Controller', 0, 0, '2020-07-17 22:29:04', NULL, NULL),
(15, 'Registrar Especialidad', 'fa fa-glass', 'especialidades', 'especialidades', 'AdminEspecialidadesController', 0, 0, '2020-07-18 01:51:29', NULL, NULL),
(16, 'Registrar procedimientos', 'fa fa-glass', 'procedimientos', 'procedimientos', 'AdminProcedimientosController', 0, 0, '2020-07-18 01:58:23', NULL, NULL),
(17, 'LLamadas', 'fa fa-star', 'llamadas', 'llamadas', 'AdminLlamadasController', 0, 0, '2020-07-21 19:25:40', NULL, NULL);

-- --------------------------------------------------------

--
-- Estructura de tabla para la tabla `cms_notifications`
--

CREATE TABLE `cms_notifications` (
  `id` int(10) UNSIGNED NOT NULL,
  `id_cms_users` int(11) DEFAULT NULL,
  `content` varchar(255) COLLATE utf8mb4_unicode_ci DEFAULT NULL,
  `url` varchar(255) COLLATE utf8mb4_unicode_ci DEFAULT NULL,
  `is_read` tinyint(1) DEFAULT NULL,
  `created_at` timestamp NULL DEFAULT NULL,
  `updated_at` timestamp NULL DEFAULT NULL
) ENGINE=InnoDB DEFAULT CHARSET=utf8mb4 COLLATE=utf8mb4_unicode_ci;

-- --------------------------------------------------------

--
-- Estructura de tabla para la tabla `cms_privileges`
--

CREATE TABLE `cms_privileges` (
  `id` int(10) UNSIGNED NOT NULL,
  `name` varchar(255) COLLATE utf8mb4_unicode_ci DEFAULT NULL,
  `is_superadmin` tinyint(1) DEFAULT NULL,
  `theme_color` varchar(255) COLLATE utf8mb4_unicode_ci DEFAULT NULL,
  `created_at` timestamp NULL DEFAULT NULL,
  `updated_at` timestamp NULL DEFAULT NULL
) ENGINE=InnoDB DEFAULT CHARSET=utf8mb4 COLLATE=utf8mb4_unicode_ci;

--
-- Volcado de datos para la tabla `cms_privileges`
--

INSERT INTO `cms_privileges` (`id`, `name`, `is_superadmin`, `theme_color`, `created_at`, `updated_at`) VALUES
(1, 'Super Administrator', 1, 'skin-red', '2020-07-17 03:59:15', NULL);

-- --------------------------------------------------------

--
-- Estructura de tabla para la tabla `cms_privileges_roles`
--

CREATE TABLE `cms_privileges_roles` (
  `id` int(10) UNSIGNED NOT NULL,
  `is_visible` tinyint(1) DEFAULT NULL,
  `is_create` tinyint(1) DEFAULT NULL,
  `is_read` tinyint(1) DEFAULT NULL,
  `is_edit` tinyint(1) DEFAULT NULL,
  `is_delete` tinyint(1) DEFAULT NULL,
  `id_cms_privileges` int(11) DEFAULT NULL,
  `id_cms_moduls` int(11) DEFAULT NULL,
  `created_at` timestamp NULL DEFAULT NULL,
  `updated_at` timestamp NULL DEFAULT NULL
) ENGINE=InnoDB DEFAULT CHARSET=utf8mb4 COLLATE=utf8mb4_unicode_ci;

--
-- Volcado de datos para la tabla `cms_privileges_roles`
--

INSERT INTO `cms_privileges_roles` (`id`, `is_visible`, `is_create`, `is_read`, `is_edit`, `is_delete`, `id_cms_privileges`, `id_cms_moduls`, `created_at`, `updated_at`) VALUES
(1, 1, 0, 0, 0, 0, 1, 1, '2020-07-17 03:59:15', NULL),
(2, 1, 1, 1, 1, 1, 1, 2, '2020-07-17 03:59:15', NULL),
(3, 0, 1, 1, 1, 1, 1, 3, '2020-07-17 03:59:15', NULL),
(4, 1, 1, 1, 1, 1, 1, 4, '2020-07-17 03:59:15', NULL),
(5, 1, 1, 1, 1, 1, 1, 5, '2020-07-17 03:59:15', NULL),
(6, 1, 1, 1, 1, 1, 1, 6, '2020-07-17 03:59:15', NULL),
(7, 1, 1, 1, 1, 1, 1, 7, '2020-07-17 03:59:15', NULL),
(8, 1, 1, 1, 1, 1, 1, 8, '2020-07-17 03:59:16', NULL),
(9, 1, 1, 1, 1, 1, 1, 9, '2020-07-17 03:59:16', NULL),
(10, 1, 1, 1, 1, 1, 1, 10, '2020-07-17 03:59:16', NULL),
(11, 1, 0, 1, 0, 1, 1, 11, '2020-07-17 03:59:16', NULL),
(12, 1, 1, 1, 1, 1, 1, 12, NULL, NULL),
(13, 1, 1, 1, 1, 1, 1, 13, NULL, NULL),
(14, 1, 1, 1, 1, 1, 1, 14, NULL, NULL),
(15, 1, 1, 1, 1, 1, 1, 15, NULL, NULL),
(16, 1, 1, 1, 1, 1, 1, 16, NULL, NULL),
(17, 1, 1, 1, 1, 1, 1, 17, NULL, NULL);

-- --------------------------------------------------------

--
-- Estructura de tabla para la tabla `cms_settings`
--

CREATE TABLE `cms_settings` (
  `id` int(10) UNSIGNED NOT NULL,
  `name` varchar(255) COLLATE utf8mb4_unicode_ci DEFAULT NULL,
  `content` text COLLATE utf8mb4_unicode_ci,
  `content_input_type` varchar(255) COLLATE utf8mb4_unicode_ci DEFAULT NULL,
  `dataenum` varchar(255) COLLATE utf8mb4_unicode_ci DEFAULT NULL,
  `helper` varchar(255) COLLATE utf8mb4_unicode_ci DEFAULT NULL,
  `created_at` timestamp NULL DEFAULT NULL,
  `updated_at` timestamp NULL DEFAULT NULL,
  `group_setting` varchar(255) COLLATE utf8mb4_unicode_ci DEFAULT NULL,
  `label` varchar(255) COLLATE utf8mb4_unicode_ci DEFAULT NULL
) ENGINE=InnoDB DEFAULT CHARSET=utf8mb4 COLLATE=utf8mb4_unicode_ci;

--
-- Volcado de datos para la tabla `cms_settings`
--

INSERT INTO `cms_settings` (`id`, `name`, `content`, `content_input_type`, `dataenum`, `helper`, `created_at`, `updated_at`, `group_setting`, `label`) VALUES
(1, 'login_background_color', NULL, 'text', NULL, 'Input hexacode', '2020-07-17 03:59:16', NULL, 'Login Register Style', 'Login Background Color'),
(2, 'login_font_color', NULL, 'text', NULL, 'Input hexacode', '2020-07-17 03:59:16', NULL, 'Login Register Style', 'Login Font Color'),
(3, 'login_background_image', NULL, 'upload_image', NULL, NULL, '2020-07-17 03:59:16', NULL, 'Login Register Style', 'Login Background Image'),
(4, 'email_sender', 'support@crudbooster.com', 'text', NULL, NULL, '2020-07-17 03:59:16', NULL, 'Email Setting', 'Email Sender'),
(5, 'smtp_driver', 'mail', 'select', 'smtp,mail,sendmail', NULL, '2020-07-17 03:59:16', NULL, 'Email Setting', 'Mail Driver'),
(6, 'smtp_host', '', 'text', NULL, NULL, '2020-07-17 03:59:16', NULL, 'Email Setting', 'SMTP Host'),
(7, 'smtp_port', '25', 'text', NULL, 'default 25', '2020-07-17 03:59:16', NULL, 'Email Setting', 'SMTP Port'),
(8, 'smtp_username', '', 'text', NULL, NULL, '2020-07-17 03:59:16', NULL, 'Email Setting', 'SMTP Username'),
(9, 'smtp_password', '', 'text', NULL, NULL, '2020-07-17 03:59:16', NULL, 'Email Setting', 'SMTP Password'),
(10, 'appname', 'CRUDBooster', 'text', NULL, NULL, '2020-07-17 03:59:16', NULL, 'Application Setting', 'Application Name'),
(11, 'default_paper_size', 'Legal', 'text', NULL, 'Paper size, ex : A4, Legal, etc', '2020-07-17 03:59:16', NULL, 'Application Setting', 'Default Paper Print Size'),
(12, 'logo', '', 'upload_image', NULL, NULL, '2020-07-17 03:59:16', NULL, 'Application Setting', 'Logo'),
(13, 'favicon', '', 'upload_image', NULL, NULL, '2020-07-17 03:59:16', NULL, 'Application Setting', 'Favicon'),
(14, 'api_debug_mode', 'true', 'select', 'true,false', NULL, '2020-07-17 03:59:16', NULL, 'Application Setting', 'API Debug Mode'),
(15, 'google_api_key', '', 'text', NULL, NULL, '2020-07-17 03:59:16', NULL, 'Application Setting', 'Google API Key'),
(16, 'google_fcm_key', '', 'text', NULL, NULL, '2020-07-17 03:59:16', NULL, 'Application Setting', 'Google FCM Key');

-- --------------------------------------------------------

--
-- Estructura de tabla para la tabla `cms_statistics`
--

CREATE TABLE `cms_statistics` (
  `id` int(10) UNSIGNED NOT NULL,
  `name` varchar(255) COLLATE utf8mb4_unicode_ci DEFAULT NULL,
  `slug` varchar(255) COLLATE utf8mb4_unicode_ci DEFAULT NULL,
  `created_at` timestamp NULL DEFAULT NULL,
  `updated_at` timestamp NULL DEFAULT NULL
) ENGINE=InnoDB DEFAULT CHARSET=utf8mb4 COLLATE=utf8mb4_unicode_ci;

-- --------------------------------------------------------

--
-- Estructura de tabla para la tabla `cms_statistic_components`
--

CREATE TABLE `cms_statistic_components` (
  `id` int(10) UNSIGNED NOT NULL,
  `id_cms_statistics` int(11) DEFAULT NULL,
  `componentID` varchar(255) COLLATE utf8mb4_unicode_ci DEFAULT NULL,
  `component_name` varchar(255) COLLATE utf8mb4_unicode_ci DEFAULT NULL,
  `area_name` varchar(55) COLLATE utf8mb4_unicode_ci DEFAULT NULL,
  `sorting` int(11) DEFAULT NULL,
  `name` varchar(255) COLLATE utf8mb4_unicode_ci DEFAULT NULL,
  `config` longtext COLLATE utf8mb4_unicode_ci,
  `created_at` timestamp NULL DEFAULT NULL,
  `updated_at` timestamp NULL DEFAULT NULL
) ENGINE=InnoDB DEFAULT CHARSET=utf8mb4 COLLATE=utf8mb4_unicode_ci;

-- --------------------------------------------------------

--
-- Estructura de tabla para la tabla `cms_users`
--

CREATE TABLE `cms_users` (
  `id` int(10) UNSIGNED NOT NULL,
  `name` varchar(255) COLLATE utf8mb4_unicode_ci DEFAULT NULL,
  `photo` varchar(255) COLLATE utf8mb4_unicode_ci DEFAULT NULL,
  `email` varchar(255) COLLATE utf8mb4_unicode_ci DEFAULT NULL,
  `password` varchar(255) COLLATE utf8mb4_unicode_ci DEFAULT NULL,
  `id_cms_privileges` int(11) DEFAULT NULL,
  `created_at` timestamp NULL DEFAULT NULL,
  `updated_at` timestamp NULL DEFAULT NULL,
  `status` varchar(50) COLLATE utf8mb4_unicode_ci DEFAULT NULL
) ENGINE=InnoDB DEFAULT CHARSET=utf8mb4 COLLATE=utf8mb4_unicode_ci;

--
-- Volcado de datos para la tabla `cms_users`
--

INSERT INTO `cms_users` (`id`, `name`, `photo`, `email`, `password`, `id_cms_privileges`, `created_at`, `updated_at`, `status`) VALUES
(1, 'Super Admin', NULL, 'admin@crudbooster.com', '$2y$10$IDtzuwiJVgX0MagbWp8DreGWqPOl7q7jxB9KQX7x2BDsI5n1nlNIK', 1, '2020-07-17 03:59:15', NULL, 'Active');

-- --------------------------------------------------------

--
-- Estructura de tabla para la tabla `especialidades`
--

CREATE TABLE `especialidades` (
  `Id` int(11) NOT NULL,
  `especialidad` varchar(30) NOT NULL,
  `descripcion` varchar(500) NOT NULL,
  `created_at` timestamp NULL DEFAULT NULL,
  `updated_at` timestamp NULL DEFAULT NULL
) ENGINE=InnoDB DEFAULT CHARSET=latin1;

-- --------------------------------------------------------

--
-- Estructura de tabla para la tabla `llamadas`
--

CREATE TABLE `llamadas` (
  `Id` int(11) NOT NULL,
  `telefono` varchar(255) NOT NULL,
  `estado` varchar(255) NOT NULL,
  `created_at` timestamp NOT NULL,
  `updated_at` timestamp NOT NULL,
  `cms_users_id` int(10) NOT NULL
) ENGINE=InnoDB DEFAULT CHARSET=latin1;

-- --------------------------------------------------------

--
-- Estructura de tabla para la tabla `migrations`
--

CREATE TABLE `migrations` (
  `id` int(10) UNSIGNED NOT NULL,
  `migration` varchar(255) COLLATE utf8mb4_unicode_ci NOT NULL,
  `batch` int(11) NOT NULL
) ENGINE=InnoDB DEFAULT CHARSET=utf8mb4 COLLATE=utf8mb4_unicode_ci;

--
-- Volcado de datos para la tabla `migrations`
--

INSERT INTO `migrations` (`id`, `migration`, `batch`) VALUES
(1, '2016_08_07_145904_add_table_cms_apicustom', 1),
(2, '2016_08_07_150834_add_table_cms_dashboard', 1),
(3, '2016_08_07_151210_add_table_cms_logs', 1),
(4, '2016_08_07_151211_add_details_cms_logs', 1),
(5, '2016_08_07_152014_add_table_cms_privileges', 1),
(6, '2016_08_07_152214_add_table_cms_privileges_roles', 1),
(7, '2016_08_07_152320_add_table_cms_settings', 1),
(8, '2016_08_07_152421_add_table_cms_users', 1),
(9, '2016_08_07_154624_add_table_cms_menus_privileges', 1),
(10, '2016_08_07_154624_add_table_cms_moduls', 1),
(11, '2016_08_17_225409_add_status_cms_users', 1),
(12, '2016_08_20_125418_add_table_cms_notifications', 1),
(13, '2016_09_04_033706_add_table_cms_email_queues', 1),
(14, '2016_09_16_035347_add_group_setting', 1),
(15, '2016_09_16_045425_add_label_setting', 1),
(16, '2016_09_17_104728_create_nullable_cms_apicustom', 1),
(17, '2016_10_01_141740_add_method_type_apicustom', 1),
(18, '2016_10_01_141846_add_parameters_apicustom', 1),
(19, '2016_10_01_141934_add_responses_apicustom', 1),
(20, '2016_10_01_144826_add_table_apikey', 1),
(21, '2016_11_14_141657_create_cms_menus', 1),
(22, '2016_11_15_132350_create_cms_email_templates', 1),
(23, '2016_11_15_190410_create_cms_statistics', 1),
(24, '2016_11_17_102740_create_cms_statistic_components', 1),
(25, '2017_06_06_164501_add_deleted_at_cms_moduls', 1);

-- --------------------------------------------------------

--
-- Estructura de tabla para la tabla `pacientes`
--

CREATE TABLE `pacientes` (
  `id` int(10) NOT NULL,
  `n_documento` int(10) NOT NULL,
  `nombre` varchar(30) NOT NULL,
  `apellido` varchar(30) NOT NULL,
  `municipio` varchar(20) NOT NULL,
  `vereda` varchar(30) NOT NULL,
  `direccion` varchar(100) NOT NULL,
  `telefono1` varchar(255) NOT NULL,
  `telefono2` varchar(255) NOT NULL,
  `email` varchar(50) NOT NULL,
  `eps` varchar(50) NOT NULL,
  `internet` text NOT NULL,
  `velocidad` int(3) NOT NULL,
  `created_at` timestamp NULL DEFAULT NULL,
  `updated_at` timestamp NULL DEFAULT NULL
) ENGINE=InnoDB DEFAULT CHARSET=latin1;

--
-- Volcado de datos para la tabla `pacientes`
--

INSERT INTO `pacientes` (`id`, `n_documento`, `nombre`, `apellido`, `municipio`, `vereda`, `direccion`, `telefono1`, `telefono2`, `email`, `eps`, `internet`, `velocidad`, `created_at`, `updated_at`) VALUES
(2, 7921487, 'Gustavo', 'Espitia', 'Cartagena', 'El Carmelo', 'El carmelo', '3013827118', '3013827118', 'gustavoenriqueespitiamelendez@gmail.com', 'Coomeva', 'yes', 50, '2020-07-18 00:11:35', NULL),
(3, 33145520, 'Glenia', 'Meléndez Pacheco', 'Cartagena', 'El Carmelo', 'El carmelo', '3202699781', '3013827118', 'ingsof2006@hotmail.com', 'Coomeva', 'yes', 50, '2020-07-18 00:59:37', NULL);

-- --------------------------------------------------------

--
-- Estructura de tabla para la tabla `procedimientos`
--

CREATE TABLE `procedimientos` (
  `id` int(11) NOT NULL,
  `procedimiento` varchar(100) NOT NULL,
  `descripcion` varchar(500) NOT NULL,
  `created_at` timestamp NULL DEFAULT NULL,
  `updated_at` timestamp NULL DEFAULT NULL
) ENGINE=InnoDB DEFAULT CHARSET=latin1;

--
-- Índices para tablas volcadas
--

--
-- Indices de la tabla `citas`
--
ALTER TABLE `citas`
  ADD PRIMARY KEY (`id`);

--
-- Indices de la tabla `cms_apicustom`
--
ALTER TABLE `cms_apicustom`
  ADD PRIMARY KEY (`id`);

--
-- Indices de la tabla `cms_apikey`
--
ALTER TABLE `cms_apikey`
  ADD PRIMARY KEY (`id`);

--
-- Indices de la tabla `cms_dashboard`
--
ALTER TABLE `cms_dashboard`
  ADD PRIMARY KEY (`id`);

--
-- Indices de la tabla `cms_email_queues`
--
ALTER TABLE `cms_email_queues`
  ADD PRIMARY KEY (`id`);

--
-- Indices de la tabla `cms_email_templates`
--
ALTER TABLE `cms_email_templates`
  ADD PRIMARY KEY (`id`);

--
-- Indices de la tabla `cms_logs`
--
ALTER TABLE `cms_logs`
  ADD PRIMARY KEY (`id`);

--
-- Indices de la tabla `cms_menus`
--
ALTER TABLE `cms_menus`
  ADD PRIMARY KEY (`id`);

--
-- Indices de la tabla `cms_menus_privileges`
--
ALTER TABLE `cms_menus_privileges`
  ADD PRIMARY KEY (`id`);

--
-- Indices de la tabla `cms_moduls`
--
ALTER TABLE `cms_moduls`
  ADD PRIMARY KEY (`id`);

--
-- Indices de la tabla `cms_notifications`
--
ALTER TABLE `cms_notifications`
  ADD PRIMARY KEY (`id`);

--
-- Indices de la tabla `cms_privileges`
--
ALTER TABLE `cms_privileges`
  ADD PRIMARY KEY (`id`);

--
-- Indices de la tabla `cms_privileges_roles`
--
ALTER TABLE `cms_privileges_roles`
  ADD PRIMARY KEY (`id`);

--
-- Indices de la tabla `cms_settings`
--
ALTER TABLE `cms_settings`
  ADD PRIMARY KEY (`id`);

--
-- Indices de la tabla `cms_statistics`
--
ALTER TABLE `cms_statistics`
  ADD PRIMARY KEY (`id`);

--
-- Indices de la tabla `cms_statistic_components`
--
ALTER TABLE `cms_statistic_components`
  ADD PRIMARY KEY (`id`);

--
-- Indices de la tabla `cms_users`
--
ALTER TABLE `cms_users`
  ADD PRIMARY KEY (`id`);

--
-- Indices de la tabla `especialidades`
--
ALTER TABLE `especialidades`
  ADD PRIMARY KEY (`Id`);

--
-- Indices de la tabla `llamadas`
--
ALTER TABLE `llamadas`
  ADD PRIMARY KEY (`Id`);

--
-- Indices de la tabla `migrations`
--
ALTER TABLE `migrations`
  ADD PRIMARY KEY (`id`);

--
-- Indices de la tabla `pacientes`
--
ALTER TABLE `pacientes`
  ADD PRIMARY KEY (`id`),
  ADD UNIQUE KEY `No_Documento` (`n_documento`);

--
-- Indices de la tabla `procedimientos`
--
ALTER TABLE `procedimientos`
  ADD PRIMARY KEY (`id`);

--
-- AUTO_INCREMENT de las tablas volcadas
--

--
-- AUTO_INCREMENT de la tabla `citas`
--
ALTER TABLE `citas`
  MODIFY `id` int(11) NOT NULL AUTO_INCREMENT;

--
-- AUTO_INCREMENT de la tabla `cms_apicustom`
--
ALTER TABLE `cms_apicustom`
  MODIFY `id` int(10) UNSIGNED NOT NULL AUTO_INCREMENT;

--
-- AUTO_INCREMENT de la tabla `cms_apikey`
--
ALTER TABLE `cms_apikey`
  MODIFY `id` int(10) UNSIGNED NOT NULL AUTO_INCREMENT;

--
-- AUTO_INCREMENT de la tabla `cms_dashboard`
--
ALTER TABLE `cms_dashboard`
  MODIFY `id` int(10) UNSIGNED NOT NULL AUTO_INCREMENT;

--
-- AUTO_INCREMENT de la tabla `cms_email_queues`
--
ALTER TABLE `cms_email_queues`
  MODIFY `id` int(10) UNSIGNED NOT NULL AUTO_INCREMENT;

--
-- AUTO_INCREMENT de la tabla `cms_email_templates`
--
ALTER TABLE `cms_email_templates`
  MODIFY `id` int(10) UNSIGNED NOT NULL AUTO_INCREMENT, AUTO_INCREMENT=2;

--
-- AUTO_INCREMENT de la tabla `cms_logs`
--
ALTER TABLE `cms_logs`
  MODIFY `id` int(10) UNSIGNED NOT NULL AUTO_INCREMENT, AUTO_INCREMENT=9;

--
-- AUTO_INCREMENT de la tabla `cms_menus`
--
ALTER TABLE `cms_menus`
  MODIFY `id` int(10) UNSIGNED NOT NULL AUTO_INCREMENT, AUTO_INCREMENT=7;

--
-- AUTO_INCREMENT de la tabla `cms_menus_privileges`
--
ALTER TABLE `cms_menus_privileges`
  MODIFY `id` int(10) UNSIGNED NOT NULL AUTO_INCREMENT, AUTO_INCREMENT=7;

--
-- AUTO_INCREMENT de la tabla `cms_moduls`
--
ALTER TABLE `cms_moduls`
  MODIFY `id` int(10) UNSIGNED NOT NULL AUTO_INCREMENT, AUTO_INCREMENT=18;

--
-- AUTO_INCREMENT de la tabla `cms_notifications`
--
ALTER TABLE `cms_notifications`
  MODIFY `id` int(10) UNSIGNED NOT NULL AUTO_INCREMENT;

--
-- AUTO_INCREMENT de la tabla `cms_privileges`
--
ALTER TABLE `cms_privileges`
  MODIFY `id` int(10) UNSIGNED NOT NULL AUTO_INCREMENT, AUTO_INCREMENT=2;

--
-- AUTO_INCREMENT de la tabla `cms_privileges_roles`
--
ALTER TABLE `cms_privileges_roles`
  MODIFY `id` int(10) UNSIGNED NOT NULL AUTO_INCREMENT, AUTO_INCREMENT=18;

--
-- AUTO_INCREMENT de la tabla `cms_settings`
--
ALTER TABLE `cms_settings`
  MODIFY `id` int(10) UNSIGNED NOT NULL AUTO_INCREMENT, AUTO_INCREMENT=17;

--
-- AUTO_INCREMENT de la tabla `cms_statistics`
--
ALTER TABLE `cms_statistics`
  MODIFY `id` int(10) UNSIGNED NOT NULL AUTO_INCREMENT;

--
-- AUTO_INCREMENT de la tabla `cms_statistic_components`
--
ALTER TABLE `cms_statistic_components`
  MODIFY `id` int(10) UNSIGNED NOT NULL AUTO_INCREMENT;

--
-- AUTO_INCREMENT de la tabla `cms_users`
--
ALTER TABLE `cms_users`
  MODIFY `id` int(10) UNSIGNED NOT NULL AUTO_INCREMENT, AUTO_INCREMENT=2;

--
-- AUTO_INCREMENT de la tabla `especialidades`
--
ALTER TABLE `especialidades`
  MODIFY `Id` int(11) NOT NULL AUTO_INCREMENT;

--
-- AUTO_INCREMENT de la tabla `llamadas`
--
ALTER TABLE `llamadas`
  MODIFY `Id` int(11) NOT NULL AUTO_INCREMENT;

--
-- AUTO_INCREMENT de la tabla `migrations`
--
ALTER TABLE `migrations`
  MODIFY `id` int(10) UNSIGNED NOT NULL AUTO_INCREMENT, AUTO_INCREMENT=26;

--
-- AUTO_INCREMENT de la tabla `pacientes`
--
ALTER TABLE `pacientes`
  MODIFY `id` int(10) NOT NULL AUTO_INCREMENT, AUTO_INCREMENT=4;

--
-- AUTO_INCREMENT de la tabla `procedimientos`
--
ALTER TABLE `procedimientos`
  MODIFY `id` int(11) NOT NULL AUTO_INCREMENT;
COMMIT;

/*!40101 SET CHARACTER_SET_CLIENT=@OLD_CHARACTER_SET_CLIENT */;
/*!40101 SET CHARACTER_SET_RESULTS=@OLD_CHARACTER_SET_RESULTS */;
/*!40101 SET COLLATION_CONNECTION=@OLD_COLLATION_CONNECTION */;
